Name,Latitude,Longitude
KFC Carlton,-37.8006094,144.9636508
KFC Freshwater Place,-37.8216843,144.9627613
KFC 401 Swanston Street,-37.8090187,144.9632364
KFC Crown Casino Melbourne,-37.8251686,144.9586944
KFC Bourke Street Melbourne,-37.8131983,144.967495
KFC Spencer St,-37.8175107,144.9531066
KFC Collins St,-37.8187781,144.9544249
KFC Flemington,-37.7882281,144.9330834
KFC Thornbury,-37.758523,144.9929394
KFC Preston,-37.7469656,145.0213485
KFC Coburg,-37.7411159,144.9628222
KFC Waterfront City Docklands,-37.8123577,144.9373944
KFC Elizabeth Street Melbourne,-37.8173256,144.9648377
KFC Melbourne Central Food Court,-37.810559,144.9627448
KFC Prahran,-37.8459254,144.994188
KFC Burnley,-37.8263213,145.0020931
KFC East Brighton,-37.9003712,145.0077312
KFC Victoria Gardens Food Court,-37.8130598,145.0116048
KFC Eastlink Southbound,-37.9134377,145.21729
KFC Glen Waverley,-37.9030766,145.1603991
KFC Vermont,-37.8364723,145.1843908
KFC Eastlink Northbound,-37.912832,145.2137271
KFC Glen Waverley Central,-37.8805373,145.1640533
KFC Burwood East,-37.8511153,145.1429873
KFC Noble Park,-37.9587656,145.18461
KFC Balwyn,-37.813374,145.084202
KFC Rowville,-37.9184144,145.2354435
KFC Wantirna,-37.8480226,145.2276943
KFC Clayton,-37.9292544,145.1228248
KFC Springvale,-37.933632,145.157899
KFC The Glen,-37.8761208,145.1662699
KFC Knox City (Outside),-37.8699516,145.242281
KFC Ferntree Gully,-37.8882684,145.2907289
KFC Chadstone Mall,-37.8851765,145.083838
KFC Oakleigh,-37.89272260000001,145.0891321
KFC Dandenong Market,-37.9844627,145.2132208
KFC Keysborough,-37.9916018,145.1469164
KFC Caulfield,-37.8766435,145.0422888
KFC Ormond,-37.904669,145.0436328
KFC Footscray,-37.7985073,144.8899719
KFC Moonee Ponds,-37.7660229,144.9238708
KFC Berwick North,-38.033325,145.3437633
KFC Tarneit North,-37.8200818,144.6927945
KFC Altona North,-37.8320007,144.847625
KFC Nunawading,-37.8188705,145.1762827
KFC Doncaster,-37.7869993,145.141988
KFC Northland Mall,-37.7393583,145.0307486
KFC Bayswater,-37.82496039999999,145.2882158
KFC Cranbourne North,-38.0836074,145.2826743
KFC Highett,-37.9462866,145.0446679
KFC Chelsea Heights,-38.0290858,145.1310311
KFC Chirnside Park Food Court,-37.756274,145.3126261
KFC Knox City Food Court,-37.8689993,145.2413047
KFC Mill Park,-37.6562744,145.0788432
KFC Deer Park,-37.7620013,144.7556306
KFC Chirnside Park,-37.7621436,145.3103853
KFC Dandenong,-37.9907107,145.198199
KFC Yarraville,-37.82454,144.8815329
KFC St Kilda,-37.86687810000001,144.9783258
KFC Niddrie,-37.7419884,144.9036336
KFC Westgate Port Melbourne,-37.831259,144.9183918
KFC Hawthorn,-37.8219084,145.0356216
KFC Sunshine,-37.7786496,144.8402513
KFC Berwick South,-38.0566884,145.3382577
KFC Dandenong South,-38.01223969999999,145.1982605
KFC Fawkner,-37.7007869,144.9594525
KFC Mentone,-37.9830072,145.0757347
KFC Narre Warren,-38.0265123,145.3107675
KFC Fountain Gate Food Court,-38.0224664,145.3023835
KFC Carrum Downs,-38.1002249,145.1728231
KFC Kew,-37.8042357,145.037313
KFC Southland Mall,-37.9578723,145.0532457
KFC Ashburton,-37.8661537,145.0921994
KFC Cranbourne,-38.107145,145.2833671
KFC Bundoora,-37.6940691,145.0604366
KFC Heidelberg,-37.7575638,145.0691846
KFC Ringwood,-37.8040399,145.2450314
KFC Eastlands Food Court,-37.8125787,145.2289309
KFC Hallam,-38.005571,145.2726197
KFC Laverton,-37.8718139,144.7765351
KFC Clayton South (Westall),-37.9479349,145.1393924
KFC Point Cook,-37.8842734,144.7333173
KFC Frankston South,-38.1842641,145.1411022
KFC Truganina,-37.8381877,144.728372
KFC Hoppers Crossing,-37.8753008,144.6826474
KFC Lynbrook,-38.0426094,145.2514172
KFC Hoppers Crossing 2,-37.8694218,144.7315257
KFC Cranbourne West,-38.110549,145.2590913
KFC Campbellfield,-37.666835,144.9531664
KFC Thomastown,-37.6841827,145.0287648
KFC Reservoir,-37.7128772,145.0077485
KFC Eltham,-37.7174638,145.1386409
KFC Epping (Drive Thru Only),-37.6350237,144.9984179
KFC Epping,-37.6534679,145.0201502
KFC Epping Plaza Food Court,-37.6544104,145.0215286
KFC Greensborough,-37.7046752,145.1008968
KFC Plenty Valley Food Court,-37.6519323,145.0720898
KFC Doreen,-37.60682449999999,145.1372839
KFC Wollert,-37.6033284,144.9852924
KFC Mooroolbark,-37.7899128,145.3083944
KFC Highpoint II,-37.7730484,144.8888436
KFC Highpoint - Level 3,-37.775616,144.8886445
KFC Broadmeadows,-37.6759558,144.9223956
KFC Broadmeadows Food Court,-37.6803703,144.9200729
KFC Tullamarine,-37.70048999999999,144.880317
KFC Roxburgh Park,-37.6405163,144.9311437
KFC Craigieburn,-37.5919854,144.9095307
KFC Keilor Downs,-37.7283959,144.8081376
KFC Craigieburn East,-37.5866255,144.9419792
KFC Calder Inbound,-37.6653843,144.7540144
KFC Sunbury,-37.5780123,144.730997
KFC Sunbury South,-37.59577,144.7134551
KFC Calder Outbound,-37.6646461,144.7473754
KFC Sydenham,-37.6967103,144.7809611
KFC Melton Service Centre,-37.6837708,144.6066453
KFC Wallan,-37.4126312,144.9789794
KFC Watergardens,-37.6994192,144.7760345
KFC Taylors Hill,-37.7107675,144.7409763
KFC Wallan 1 (Southbound),-37.4037451,145.0170192
KFC Sunshine Market Place,-37.7821433,144.8314131
KFC Airport West,-37.7143513,144.8880242
KFC Brimbank,-37.7522677,144.7774678
KFC Lilydale,-37.7576079,145.3569797
KFC Officer Inbound,-38.0731413,145.3896505
KFC Endeavour Hills,-37.9757663,145.2596559
KFC Epping Plaza Food Court,-37.6551088,145.0171283
KFC Dandenong Plaza,-37.9874245,145.2180356
KFC Box Hill,-37.8169544,145.118014
KFC Parkmore,-37.9925415,145.1731144
KFC Rosebud,-38.3581067,144.897579
KFC Mornington,-38.2283639,145.0457361
KFC Penlink Outbound,-38.2051304,145.1365497
KFC Penlink Inbound,-38.2044486,145.1331481
KFC Frankston Bayside,-38.1411014,145.1245331
KFC Karingal,-38.1515126,145.1519232
KFC Ocean Grove,-38.2585421,144.5479402
KFC Drysdale,-38.1734286,144.5765782
KFC Armstrong Creek,-38.2249352,144.337283
KFC Hastings,-38.3080418,145.1830318
KFC Caroline Springs,-37.7317482,144.7433908
KFC Wyndham Vale,-37.8922249,144.6307483
KFC Manor Lakes,-37.8738776,144.6130688
KFC Tarneit,-37.84788229999999,144.6890328
KFC Melton South,-37.72206740000001,144.5726398
KFC Melton Phoenix,-37.68785039999999,144.5661028
KFC Woodgrove,-37.6857886,144.56303
KFC Bacchus Marsh,-37.6742699,144.4364875
KFC Riverdale,-37.8331418,144.6522248
KFC Werribee,-37.902406,144.6598433
KFC Werribee Plaza,-37.8753721,144.6811897
KFC Maltby Bypass,-37.9264939,144.6318079
KFC Fadez,-38.0378138,145.262831
KFC Officer Arena,-38.0653504,145.4364033
KFC Officer Outbound,-38.0701465,145.3875177
KFC Pakenham,-38.07086,145.4777176
KFC Pakenham South,-38.1000621,145.4892244
KFC Warragul,-38.1625555,145.9305956
KFC Beaconsfield,-38.0552433,145.3863791
KFC Warragul Queen Street,-38.1617712,145.9257679
